Id,Username,LastName,FirstName,Name,CompanyName,Division,Department,Title,Street,City,State,PostalCode,Country,Latitude,Longitude,GeocodeAccuracy,Email,EmailPreferencesAutoBcc,EmailPreferencesAutoBccStayInTouch,EmailPreferencesStayInTouchReminder,SenderEmail,SenderName,Signature,StayInTouchSubject,StayInTouchSignature,StayInTouchNote,Phone,Fax,MobilePhone,Alias,CommunityNickname,BadgeText,IsActive,TimeZoneSidKey,UserRoleId,LocaleSidKey,ReceivesInfoEmails,ReceivesAdminInfoEmails,EmailEncodingKey,ProfileId,UserType,LanguageLocaleKey,EmployeeNumber,DelegatedApproverId,ManagerId,LastLoginDate,CreatedById,LastModifiedById,SystemModstamp,NumberOfFailedLogins,OfflineTrialExpirationDate,OfflinePdaTrialExpirationDate,UserPermissionsMarketingUser,UserPermissionsOfflineUser,UserPermissionsCallCenterAutoLogin,UserPermissionsSFContentUser,UserPermissionsKnowledgeUser,UserPermissionsInteractionUser,UserPermissionsSupportUser,UserPermissionsJigsawProspectingUser,UserPermissionsSiteforceContributorUser,UserPermissionsSiteforcePublisherUser,UserPermissionsWorkDotComUserFeature,ForecastEnabled,UserPreferencesActivityRemindersPopup,UserPreferencesEventRemindersCheckboxDefault,UserPreferencesTaskRemindersCheckboxDefault,UserPreferencesReminderSoundOff,UserPreferencesDisableAllFeedsEmail,UserPreferencesDisableFollowersEmail,UserPreferencesDisableProfilePostEmail,UserPreferencesDisableChangeCommentEmail,UserPreferencesDisableLaterCommentEmail,UserPreferencesDisProfPostCommentEmail,UserPreferencesContentNoEmail,UserPreferencesContentEmailAsAndWhen,UserPreferencesApexPagesDeveloperMode,UserPreferencesReceiveNoNotificationsAsApprover,UserPreferencesReceiveNotificationsAsDelegatedApprover,UserPreferencesHideCSNGetChatterMobileTask,UserPreferencesDisableMentionsPostEmail,UserPreferencesDisMentionsCommentEmail,UserPreferencesHideCSNDesktopTask,UserPreferencesHideChatterOnboardingSplash,UserPreferencesHideSecondChatterOnboardingSplash,UserPreferencesDisCommentAfterLikeEmail,UserPreferencesDisableLikeEmail,UserPreferencesSortFeedByComment,UserPreferencesDisableMessageEmail,UserPreferencesHideLegacyRetirementModal,UserPreferencesJigsawListUser,UserPreferencesDisableBookmarkEmail,UserPreferencesDisableSharePostEmail,UserPreferencesEnableAutoSubForFeeds,UserPreferencesDisableFileShareNotificationsForApi,UserPreferencesShowTitleToExternalUsers,UserPreferencesShowManagerToExternalUsers,UserPreferencesShowEmailToExternalUsers,UserPreferencesShowWorkPhoneToExternalUsers,UserPreferencesShowMobilePhoneToExternalUsers,UserPreferencesShowFaxToExternalUsers,UserPreferencesShowStreetAddressToExternalUsers,UserPreferencesShowCityToExternalUsers,UserPreferencesShowStateToExternalUsers,UserPreferencesShowPostalCodeToExternalUsers,UserPreferencesShowCountryToExternalUsers,UserPreferencesShowProfilePicToGuestUsers,UserPreferencesShowTitleToGuestUsers,UserPreferencesShowCityToGuestUsers,UserPreferencesShowStateToGuestUsers,UserPreferencesShowPostalCodeToGuestUsers,UserPreferencesShowCountryToGuestUsers,UserPreferencesShowForecastingChangeSignals,UserPreferencesHideS1BrowserUI,UserPreferencesDisableEndorsementEmail,UserPreferencesPathAssistantCollapsed,UserPreferencesCacheDiagnostics,UserPreferencesShowEmailToGuestUsers,UserPreferencesShowManagerToGuestUsers,UserPreferencesShowWorkPhoneToGuestUsers,UserPreferencesShowMobilePhoneToGuestUsers,UserPreferencesShowFaxToGuestUsers,UserPreferencesShowStreetAddressToGuestUsers,UserPreferencesLightningExperiencePreferred,UserPreferencesPreviewLightning,UserPreferencesHideEndUserOnboardingAssistantModal,UserPreferencesHideLightningMigrationModal,UserPreferencesHideSfxWelcomeMat,UserPreferencesHideBiggerPhotoCallout,UserPreferencesGlobalNavBarWTShown,UserPreferencesGlobalNavGridMenuWTShown,UserPreferencesCreateLEXAppsWTShown,UserPreferencesFavoritesWTShown,UserPreferencesRecordHomeSectionCollapseWTShown,UserPreferencesRecordHomeReservedWTShown,UserPreferencesFavoritesShowTopFavorites,UserPreferencesExcludeMailAppAttachments,UserPreferencesSuppressTaskSFXReminders,UserPreferencesSuppressEventSFXReminders,UserPreferencesPreviewCustomTheme,UserPreferencesHasCelebrationBadge,UserPreferencesUserDebugModePref,UserPreferencesSRHOverrideActivities,UserPreferencesNewLightningReportRunPageEnabled,UserPreferencesReverseOpenActivitiesView,UserPreferencesHasSentWarningEmail,UserPreferencesNativeEmailClient,ContactId,AccountId,CallCenterId,Extension,FederationIdentifier,AboutMe,FullPhotoUrl,SmallPhotoUrl,IsExtIndicatorVisible,OutOfOfficeMessage,MediumPhotoUrl,DigestFrequency,DefaultGroupNotificationFrequency,JigsawImportLimitOverride,LastViewedDate,LastReferencedDate,BannerPhotoUrl,SmallBannerPhotoUrl,MediumBannerPhotoUrl,IsProfilePhotoActive,IndividualId
0058d000004QHarAAG,chatty.00d8d0000060vc7eae.hxrcg8pl9mif@chatter.salesforce.com,Chatter Expert,,Chatter Expert,New Company Name,,,,,,,,xx,,,,noreply@chatter.salesforce.com,true,false,true,,,,,,,,,,Chatter,Chatter Expert,,true,Europe/Dublin,,en_IE_EURO,false,false,UTF-8,00e8d00000229hiAAA,CsnOnly,en_US,,,,,0058d000004B2qYAAS,0058d000004B2qYAAS,2022-01-09T08:22:00.000Z,,,,false,false,false,false,false,false,false,false,false,false,false,false,true,true,true,false,false,false,false,false,false,false,false,false,false,false,false,false,false,false,false,false,false,false,false,false,false,false,false,false,false,false,false,false,false,false,false,false,false,false,false,false,false,false,false,false,false,false,false,false,false,false,false,false,false,false,false,false,false,false,false,true,false,false,false,false,false,false,false,false,false,false,false,false,false,false,false,false,false,false,false,false,false,false,false,,,,,,"I’m here to help you get started with Chatter. I’ll introduce you to features, create sample posts, and suggest tips and best practices.",,,,,,,,,,,,,,,
0058d000004QHaBAAW,integration@00d8d0000060vc7eae.com,User,Integration,Integration User,New Company Name,,,,,,,,xx,,,,noreply@example.com,true,false,true,,Salesforce Analytics,,,,,,,,integ,integration1.4406246972348486E12,,true,Europe/Dublin,,en_IE_EURO,false,false,UTF-8,00e8d00000229heAAA,Standard,en_US,,,,2022-01-09T13:48:00.000Z,0058d000004B2qYAAS,0058d000004QHaCAAW,2022-01-09T08:22:00.000Z,0,,,false,false,false,false,false,false,false,false,false,false,false,false,true,true,true,false,false,false,false,false,false,false,false,false,false,false,false,false,false,false,false,false,false,false,false,false,false,false,false,false,false,false,false,false,false,false,false,false,false,false,false,false,false,false,false,false,false,false,false,false,false,false,false,false,false,false,false,false,false,false,false,true,false,false,false,false,false,false,false,false,false,false,false,false,false,false,false,false,false,false,false,false,false,false,false,,,,,,,https://til71-dev-ed.file.force.com/profilephoto/005/F,https://til71-dev-ed.file.force.com/profilephoto/005/T,false,,https://til71-dev-ed.file.force.com/profilephoto/005/M,N,false,,,,/profilephoto/005/B,/profilephoto/005/D,/profilephoto/005/E,false,
0058d000004QHaDAAW,insightssecurity@00d8d0000060vc7eae.com,User,Security,Security User,New Company Name,,,,,,,,xx,,,,noreply@example.com,true,false,true,,Salesforce Analytics,,,,,,,,sec,insightssecurity1.4406246905195972E12,,true,Europe/Dublin,,en_IE_EURO,false,false,UTF-8,00e8d00000229hfAAA,Standard,en_US,,,,,0058d000004B2qYAAS,0058d000004QHaCAAW,2022-01-09T08:22:00.000Z,,,,false,false,false,false,false,false,false,false,false,false,false,false,true,true,true,false,false,false,false,false,false,false,false,false,false,false,false,false,false,false,false,false,false,false,false,false,false,false,false,false,false,false,false,false,false,false,false,false,false,false,false,false,false,false,false,false,false,false,false,false,false,false,false,false,false,false,false,false,false,false,false,true,false,false,false,false,false,false,false,false,false,false,false,false,false,false,false,false,false,false,false,false,false,false,false,,,,,,,https://til71-dev-ed.file.force.com/profilephoto/005/F,https://til71-dev-ed.file.force.com/profilephoto/005/T,false,,https://til71-dev-ed.file.force.com/profilephoto/005/M,N,false,,,,/profilephoto/005/B,/profilephoto/005/D,/profilephoto/005/E,false,
0058d000004QHaCAAW,autoproc@00d8d0000060vc7eae,Process,Automated,Automated Process,New Company Name,,,,,,,,xx,,,,autoproc@00d8d0000060vc7eae,true,false,true,,,,,,,,,,autoproc,automatedprocess,,true,Europe/Dublin,,en_IE_EURO,false,false,UTF-8,00e8d00000229haAAA,AutomatedProcess,en_US,,,,,0058d000004QHaEAAW,0058d000004QHaEAAW,2022-01-09T08:21:00.000Z,,,,false,false,false,false,false,false,false,false,false,false,false,false,true,true,true,false,false,false,false,false,false,false,false,false,false,false,false,false,false,false,false,false,false,false,false,false,false,false,false,false,false,false,false,false,false,false,false,false,false,false,false,false,false,false,false,false,false,false,false,false,false,false,false,false,false,false,false,false,false,false,false,true,false,false,false,false,false,false,false,false,false,false,false,false,false,false,false,false,false,false,false,false,false,false,false,,,,,,,https://til71-dev-ed.file.force.com/profilephoto/005/F,https://til71-dev-ed.file.force.com/profilephoto/005/T,false,,https://til71-dev-ed.file.force.com/profilephoto/005/M,D,false,,,,/profilephoto/005/B,/profilephoto/005/D,/profilephoto/005/E,false,
0058d000004QHaFAAW,automatedclean@00d8d0000060vc7eae,Data.com Clean,,Data.com Clean,New Company Name,,,,,,,,xx,,,,automatedclean@00d8d0000060vc7eae,true,false,true,,,,,,,,,,autocln,User16132161575462564890,,true,Europe/Dublin,,en_IE_EURO,false,false,UTF-8,00e8d00000229haAAA,AutomatedProcess,en_US,,,,,0058d000004QHaEAAW,0058d000004QHaEAAW,2022-01-09T08:21:00.000Z,,,,false,false,false,false,false,false,false,false,false,false,false,false,true,true,true,false,false,false,false,false,false,false,false,false,false,false,false,false,false,false,false,false,false,false,false,false,false,false,false,false,false,false,false,false,false,false,false,false,false,false,false,false,false,false,false,false,false,false,false,false,false,false,false,false,false,false,false,false,false,false,false,true,false,false,false,false,false,false,false,false,false,false,false,false,false,false,false,false,false,false,false,false,false,false,false,,,,,,,https://til71-dev-ed.file.force.com/profilephoto/005/F,https://til71-dev-ed.file.force.com/profilephoto/005/T,false,,https://til71-dev-ed.file.force.com/profilephoto/005/M,N,false,,,,/profilephoto/005/B,/profilephoto/005/D,/profilephoto/005/E,false,
0058d000004QHawAAG,cloud@00d8d0000060vc7eae,Platform Integration User,,Platform Integration User,New Company Name,,,,,,,,xx,,,,noreply@00d8d0000060vc7eae,true,false,true,,,,,,,,,,platint,cloud1.544726271485212E12,,true,Europe/Dublin,,en_IE_EURO,false,false,UTF-8,00e8d00000229hkAAA,CloudIntegrationUser,en_US,,,,,0058d000004QHaEAAW,0058d000004QHaEAAW,2022-01-09T08:21:00.000Z,,,,false,false,false,false,false,false,false,false,false,false,false,false,true,true,true,false,false,false,false,false,false,false,false,false,false,false,false,false,false,false,false,false,false,false,false,false,false,false,false,false,false,false,false,false,false,false,false,false,false,false,false,false,false,false,false,false,false,false,false,false,false,false,false,false,false,false,false,false,false,false,false,true,false,false,false,false,false,false,false,false,false,false,false,false,false,false,false,false,false,false,false,false,false,false,false,,,,,,,https://til71-dev-ed.file.force.com/profilephoto/005/F,https://til71-dev-ed.file.force.com/profilephoto/005/T,false,,https://til71-dev-ed.file.force.com/profilephoto/005/M,N,false,,,,/profilephoto/005/B,/profilephoto/005/D,/profilephoto/005/E,false,
0058d000004B2qYAAS,lorna@ds32.co.uk,Brown,Lorna,Lorna Brown,TIL,,,,,,,,GB,,,,lorna.brown@theinformationlab.co.uk,true,false,true,,,,,,,,,,LBrow,lorna,,true,Europe/London,00E8d000001ZFPREA4,en_GB,false,true,UTF-8,00e8d00000229hdAAA,Standard,en_US,,,,2022-06-09T13:23:00.000Z,0058d000004B2qYAAS,0058d000004B2qYAAS,2022-01-09T08:34:00.000Z,0,,,true,true,false,true,false,false,true,false,false,false,false,true,true,true,true,false,false,false,false,false,false,false,false,false,false,false,false,false,false,false,false,false,false,false,false,false,false,false,false,false,false,false,false,true,false,false,false,false,false,false,false,false,false,false,false,false,false,false,false,false,false,false,false,false,false,false,false,false,false,false,false,true,false,false,false,false,false,false,false,false,false,false,false,false,false,false,false,false,false,false,false,false,false,false,false,,,,,,,https://til71-dev-ed.file.force.com/profilephoto/005/F,https://til71-dev-ed.file.force.com/profilephoto/005/T,false,,https://til71-dev-ed.file.force.com/profilephoto/005/M,D,false,300,2022-01-09T15:10:00.000Z,2022-01-09T15:10:00.000Z,/profilephoto/005/B,/profilephoto/005/D,/profilephoto/005/E,false,
0058d000004QHaGAAW,admin.njcyof3eld4g@example.com,Admin,Event,Event Admin,New Company Name,,,,,,,,xx,,,,rjenkins@example.com,true,false,true,,,,,,,,,,eadmi,User16052089232593512822,,false,Europe/Dublin,00E8d000001ZFPREA4,en_IE_EURO,false,true,UTF-8,00e8d00000229hbAAA,Standard,en_US,,,,,0058d000004B2qYAAS,0058d000004B2qYAAS,2022-01-09T08:21:00.000Z,0,,,false,true,false,true,false,false,false,false,false,false,false,false,true,true,true,false,false,false,false,false,false,false,false,false,false,false,false,false,false,false,false,false,false,false,false,false,false,false,false,false,false,false,false,false,false,false,false,false,false,false,false,false,false,false,false,false,false,false,false,false,false,false,false,false,false,false,false,false,false,false,false,true,false,false,false,false,false,false,false,false,false,false,false,false,false,false,false,false,false,false,false,false,false,false,false,,,,,,,https://til71-dev-ed.file.force.com/profilephoto/005/F,https://til71-dev-ed.file.force.com/profilephoto/005/T,false,,https://til71-dev-ed.file.force.com/profilephoto/005/M,D,false,300,,,/profilephoto/005/B,/profilephoto/005/D,/profilephoto/005/E,false,
0058d000004QHaYAAW,trailhead20.eevf7sztfdqu@example.com,Chavez,Julie,Julie Chavez,New Company Name,,,,,,,,xx,,,,kim.chouard@example.com,true,false,true,,,,,,,,,,juliecha,julie.chaver,,true,Europe/Dublin,00E8d000001ZFPSEA4,en_IE_EURO,false,true,UTF-8,00e8d00000229hgAAA,Standard,en_US,,,,,0058d000004B2qYAAS,0058d000004QHaYAAW,2022-01-09T08:22:00.000Z,0,,,false,false,false,true,false,false,false,false,false,false,false,false,true,true,true,false,false,false,false,false,false,false,false,false,false,false,false,false,false,false,false,false,false,false,false,false,false,false,false,false,false,false,false,false,false,false,false,false,false,false,false,false,false,false,false,false,false,false,false,false,false,false,false,false,false,false,false,false,false,false,false,true,false,false,false,false,false,false,false,false,false,false,false,false,false,false,false,false,false,false,false,false,false,false,false,,,,,,,https://til71-dev-ed.file.force.com/profilephoto/005/F,https://til71-dev-ed.file.force.com/profilephoto/005/T,false,,https://til71-dev-ed.file.force.com/profilephoto/005/M,D,false,300,,,/profilephoto/005/B,/profilephoto/005/D,/profilephoto/005/E,false,
0058d000004QHaZAAW,trailhead12.tkvqwt7lmieg.pzyfuhibeyrn@example.com,Garza,Laura,Laura Garza,New Company Name,,,,,,,,xx,,,,luciyer@example.com,true,false,true,,,,,,,,,,lgarz,trailhead12,,true,Europe/Dublin,00E8d000001ZFPTEA4,en_IE_EURO,false,true,UTF-8,00e8d00000229hgAAA,Standard,en_US,,,,,0058d000004B2qYAAS,0058d000004B2qYAAS,2022-01-09T08:22:00.000Z,0,,,false,false,false,true,false,false,false,false,false,false,false,false,true,true,true,false,false,false,false,false,false,false,false,false,false,false,false,false,false,false,false,false,false,false,false,false,false,false,false,false,false,false,false,false,false,false,false,false,false,false,false,false,false,false,false,false,false,false,false,false,false,false,false,false,false,false,false,false,false,false,false,true,false,false,false,false,false,false,false,false,false,false,false,false,false,false,false,false,false,false,false,false,false,false,false,,,,,,,https://til71-dev-ed.file.force.com/profilephoto/005/F,https://til71-dev-ed.file.force.com/profilephoto/005/T,false,,https://til71-dev-ed.file.force.com/profilephoto/005/M,D,false,300,,,/profilephoto/005/B,/profilephoto/005/D,/profilephoto/005/E,false,
0058d000004QHakAAG,trailhead19.0etusosaaodv@example.com,Nichols,Jessica,Jessica Nichols,New Company Name,,,,,,,,xx,,,,trailhead19@example.com,true,false,true,,,,,,,,,,jnich,trailhead19,,false,Europe/Dublin,00E8d000001ZFPTEA4,en_IE_EURO,false,true,UTF-8,00e8d00000229hgAAA,Standard,en_US,,,,,0058d000004B2qYAAS,0058d000004B2qYAAS,2022-01-09T08:21:00.000Z,0,,,false,false,false,true,false,false,false,false,false,false,false,false,true,true,true,false,false,false,false,false,false,false,false,false,false,false,false,false,false,false,false,false,false,false,false,false,false,false,false,false,false,false,false,false,false,false,false,false,false,false,false,false,false,false,false,false,false,false,false,false,false,false,false,false,false,false,false,false,false,false,false,true,false,false,false,false,false,false,false,false,false,false,false,false,false,false,false,false,false,false,false,false,false,false,false,,,,,,,https://til71-dev-ed.file.force.com/profilephoto/005/F,https://til71-dev-ed.file.force.com/profilephoto/005/T,false,,https://til71-dev-ed.file.force.com/profilephoto/005/M,D,false,300,,,/profilephoto/005/B,/profilephoto/005/D,/profilephoto/005/E,false,
0058d000004QHamAAG,trailhead16.9e0phyqydb8x@example.com,Brown,Catherine,Catherine Brown,New Company Name,,,,,,,,xx,,,,trailhead16@example.com,true,false,true,,,,,,,,,,cbrow,trailhead16,,false,Europe/Dublin,00E8d000001ZFPTEA4,en_IE_EURO,false,true,UTF-8,00e8d00000229hgAAA,Standard,en_US,,,,,0058d000004B2qYAAS,0058d000004B2qYAAS,2022-01-09T08:21:00.000Z,0,,,false,false,false,true,false,false,false,false,false,false,false,false,true,true,true,false,false,false,false,false,false,false,false,false,false,false,false,false,false,false,false,false,false,false,false,false,false,false,false,false,false,false,false,false,false,false,false,false,false,false,false,false,false,false,false,false,false,false,false,false,false,false,false,false,false,false,false,false,false,false,false,true,false,false,false,false,false,false,false,false,false,false,false,false,false,false,false,false,false,false,false,false,false,false,false,,,,,,,https://til71-dev-ed.file.force.com/profilephoto/005/F,https://til71-dev-ed.file.force.com/profilephoto/005/T,false,,https://til71-dev-ed.file.force.com/profilephoto/005/M,D,false,300,,,/profilephoto/005/B,/profilephoto/005/D,/profilephoto/005/E,false,
0058d000004QHanAAG,trailhead13.hqqjsjs6o7rb@example.com,Williamson,Evelyn,Evelyn Williamson,New Company Name,,,,,,,,xx,,,,trailhead13@example.com,true,false,true,,,,,,,,,,ewill,trailhead13,,false,Europe/Dublin,00E8d000001ZFPTEA4,en_IE_EURO,false,true,UTF-8,00e8d00000229hgAAA,Standard,en_US,,,,,0058d000004B2qYAAS,0058d000004B2qYAAS,2022-01-09T08:21:00.000Z,0,,,false,false,false,true,false,false,false,false,false,false,false,false,true,true,true,false,false,false,false,false,false,false,false,false,false,false,false,false,false,false,false,false,false,false,false,false,false,false,false,false,false,false,false,false,false,false,false,false,false,false,false,false,false,false,false,false,false,false,false,false,false,false,false,false,false,false,false,false,false,false,false,true,false,false,false,false,false,false,false,false,false,false,false,false,false,false,false,false,false,false,false,false,false,false,false,,,,,,,https://til71-dev-ed.file.force.com/profilephoto/005/F,https://til71-dev-ed.file.force.com/profilephoto/005/T,false,,https://til71-dev-ed.file.force.com/profilephoto/005/M,D,false,300,,,/profilephoto/005/B,/profilephoto/005/D,/profilephoto/005/E,false,
0058d000004QHaoAAG,trailhead8.6frmerz6qigr@example.com,McCoy,Irene,Irene McCoy,New Company Name,,,,,,,,xx,,,,trailhead8@example.com,true,false,true,,,,,,,,,,IMcCo,trailhead8,,false,Europe/Dublin,00E8d000001ZFPTEA4,en_IE_EURO,false,true,UTF-8,00e8d00000229hgAAA,Standard,en_US,,,,,0058d000004B2qYAAS,0058d000004B2qYAAS,2022-01-09T08:21:00.000Z,0,,,false,false,false,false,false,false,false,false,false,false,false,false,true,true,true,false,false,false,false,false,false,false,false,false,false,false,false,false,false,false,false,false,false,false,false,false,false,false,false,false,false,false,false,false,false,false,false,false,false,false,false,false,false,false,false,false,false,false,false,false,false,false,false,false,false,false,false,false,false,false,false,true,false,false,false,false,false,false,false,false,false,false,false,false,false,false,false,false,false,false,false,false,false,false,false,,,,,,,https://til71-dev-ed.file.force.com/profilephoto/005/F,https://til71-dev-ed.file.force.com/profilephoto/005/T,false,,https://til71-dev-ed.file.force.com/profilephoto/005/M,D,false,300,,,/profilephoto/005/B,/profilephoto/005/D,/profilephoto/005/E,false,
0058d000004QHapAAG,trailhead2.r389d8ndaj2u@example.com,Sanchez,Eric,Eric Sanchez,New Company Name,,,,,,,,xx,,,,trailhead2@example.com,true,false,true,,,,,,,,,,ESanc,trailhead2,,false,Europe/Dublin,00E8d000001ZFPTEA4,en_IE_EURO,false,true,UTF-8,00e8d00000229hgAAA,Standard,en_US,,,,,0058d000004B2qYAAS,0058d000004B2qYAAS,2022-01-09T08:21:00.000Z,0,,,false,false,false,true,false,false,false,false,false,false,false,false,true,true,true,false,false,false,false,false,false,false,false,false,false,false,false,false,false,false,false,false,false,false,false,false,false,false,false,false,false,false,false,false,false,false,false,false,false,false,false,false,false,false,false,false,false,false,false,false,false,false,false,false,false,false,false,false,false,false,false,true,false,false,false,false,false,false,false,false,false,false,false,false,false,false,false,false,false,false,false,false,false,false,false,,,,,,,https://til71-dev-ed.file.force.com/profilephoto/005/F,https://til71-dev-ed.file.force.com/profilephoto/005/T,false,,https://til71-dev-ed.file.force.com/profilephoto/005/M,D,false,300,,,/profilephoto/005/B,/profilephoto/005/D,/profilephoto/005/E,false,
0058d000004QHaqAAG,trailhead1.qrihkduuc9he@example.com,Williams,John,John Williams,New Company Name,,,,,,,,xx,,,,trailhead1@example.com,true,false,true,,,,,,,,,,JWill,trailhead1,,false,Europe/Dublin,00E8d000001ZFPTEA4,en_IE_EURO,false,true,UTF-8,00e8d00000229hgAAA,Standard,en_US,,,,,0058d000004B2qYAAS,0058d000004B2qYAAS,2022-01-09T08:21:00.000Z,0,,,false,false,false,true,false,false,false,false,false,false,false,false,true,true,true,false,false,false,false,false,false,false,false,false,false,false,false,false,false,false,false,false,false,false,false,false,false,false,false,false,false,false,false,false,false,false,false,false,false,false,false,false,false,false,false,false,false,false,false,false,false,false,false,false,false,false,false,false,false,false,false,true,false,false,false,false,false,false,false,false,false,false,false,false,false,false,false,false,false,false,false,false,false,false,false,,,,,,,https://til71-dev-ed.file.force.com/profilephoto/005/F,https://til71-dev-ed.file.force.com/profilephoto/005/T,false,,https://til71-dev-ed.file.force.com/profilephoto/005/M,D,false,300,,,/profilephoto/005/B,/profilephoto/005/D,/profilephoto/005/E,false,
0058d000004QHaaAAG,trailhead17.hwursetood6j@example.com,Kennedy,Bruce,Bruce Kennedy,New Company Name,,,,,,,,xx,,,,trailhead17@example.com,true,false,true,,,,,,,,,,bkenn,bkenn,,false,Europe/Dublin,00E8d000001ZFPUEA4,en_IE_EURO,false,true,UTF-8,00e8d00000229hgAAA,Standard,en_US,,,,,0058d000004B2qYAAS,0058d000004B2qYAAS,2022-01-09T08:21:00.000Z,0,,,false,false,false,true,false,false,false,false,false,false,false,false,true,true,true,false,false,false,false,false,false,false,false,false,false,false,false,false,false,false,false,false,false,false,false,false,false,false,false,false,false,false,false,false,false,false,false,false,false,false,false,false,false,false,false,false,false,false,false,false,false,false,false,false,false,false,false,false,false,false,false,true,false,false,false,false,false,false,false,false,false,false,false,false,false,false,false,false,false,false,false,false,false,false,false,,,,,,,https://til71-dev-ed.file.force.com/profilephoto/005/F,https://til71-dev-ed.file.force.com/profilephoto/005/T,false,,https://til71-dev-ed.file.force.com/profilephoto/005/M,D,false,300,,,/profilephoto/005/B,/profilephoto/005/D,/profilephoto/005/E,false,
0058d000004QHabAAG,trailhead15.nhp4nwn43njm@example.com,Gardner,Doroth,Doroth Gardner,New Company Name,,,,,,,,xx,,,,trailhead15@example.com,true,false,true,,,,,,,,,,dgard,trailhead15,,false,Europe/Dublin,00E8d000001ZFPUEA4,en_IE_EURO,false,true,UTF-8,00e8d00000229hgAAA,Standard,en_US,,,,,0058d000004B2qYAAS,0058d000004B2qYAAS,2022-01-09T08:21:00.000Z,0,,,false,false,false,true,false,false,false,false,false,false,false,false,true,true,true,false,false,false,false,false,false,false,false,false,false,false,false,false,false,false,false,false,false,false,false,false,false,false,false,false,false,false,false,false,false,false,false,false,false,false,false,false,false,false,false,false,false,false,false,false,false,false,false,false,false,false,false,false,false,false,false,true,false,false,false,false,false,false,false,false,false,false,false,false,false,false,false,false,false,false,false,false,false,false,false,,,,,,,https://til71-dev-ed.file.force.com/profilephoto/005/F,https://til71-dev-ed.file.force.com/profilephoto/005/T,false,,https://til71-dev-ed.file.force.com/profilephoto/005/M,D,false,300,,,/profilephoto/005/B,/profilephoto/005/D,/profilephoto/005/E,false,
0058d000004QHacAAG,trailhead11.zhbhmuhkdwt9@example.com,Kelley,Irene,Irene Kelley,New Company Name,,,,,,,,xx,,,,trailhead11@example.com,true,false,true,,,,,,,,,,kell,trailhead11,,false,Europe/Dublin,00E8d000001ZFPUEA4,en_IE_EURO,false,true,UTF-8,00e8d00000229hgAAA,Standard,en_US,,,,,0058d000004B2qYAAS,0058d000004B2qYAAS,2022-01-09T08:21:00.000Z,0,,,false,false,false,true,false,false,false,false,false,false,false,false,true,true,true,false,false,false,false,false,false,false,false,false,false,false,false,false,false,false,false,false,false,false,false,false,false,false,false,false,false,false,false,false,false,false,false,false,false,false,false,false,false,false,false,false,false,false,false,false,false,false,false,false,false,false,false,false,false,false,false,true,false,false,false,false,false,false,false,false,false,false,false,false,false,false,false,false,false,false,false,false,false,false,false,,,,,,,https://til71-dev-ed.file.force.com/profilephoto/005/F,https://til71-dev-ed.file.force.com/profilephoto/005/T,false,,https://til71-dev-ed.file.force.com/profilephoto/005/M,D,false,300,,,/profilephoto/005/B,/profilephoto/005/D,/profilephoto/005/E,false,
0058d000004QHadAAG,trailhead5.vwisiyeluwq1@example.com,Gutierrez,Eric,Eric Gutierrez,New Company Name,,,,,,,,xx,,,,trailhead5@example.com,true,false,true,,,,,,,,,,EGuti,trailhead5,,false,Europe/Dublin,00E8d000001ZFPUEA4,en_IE_EURO,false,true,UTF-8,00e8d00000229hgAAA,Standard,en_US,,,,,0058d000004B2qYAAS,0058d000004B2qYAAS,2022-01-09T08:21:00.000Z,0,,,false,false,false,true,false,false,false,false,false,false,false,false,true,true,true,false,false,false,false,false,false,false,false,false,false,false,false,false,false,false,false,false,false,false,false,false,false,false,false,false,false,false,false,false,false,false,false,false,false,false,false,false,false,false,false,false,false,false,false,false,false,false,false,false,false,false,false,false,false,false,false,true,false,false,false,false,false,false,false,false,false,false,false,false,false,false,false,false,false,false,false,false,false,false,false,,,,,,,https://til71-dev-ed.file.force.com/profilephoto/005/F,https://til71-dev-ed.file.force.com/profilephoto/005/T,false,,https://til71-dev-ed.file.force.com/profilephoto/005/M,D,false,300,,,/profilephoto/005/B,/profilephoto/005/D,/profilephoto/005/E,false,
0058d000004QHaeAAG,trailhead6.28att2dqzpkp@example.com,Weaver,Nicolas,Nicolas Weaver,New Company Name,,,,,,,,xx,,,,trailhead6@example.com,true,false,true,,,,,,,,,,NWeav,trailhead6,,false,Europe/Dublin,00E8d000001ZFPUEA4,en_IE_EURO,false,true,UTF-8,00e8d00000229hgAAA,Standard,en_US,,,,,0058d000004B2qYAAS,0058d000004B2qYAAS,2022-01-09T08:21:00.000Z,0,,,false,false,false,true,false,false,false,false,false,false,false,false,true,true,true,false,false,false,false,false,false,false,false,false,false,false,false,false,false,false,false,false,false,false,false,false,false,false,false,false,false,false,false,false,false,false,false,false,false,false,false,false,false,false,false,false,false,false,false,false,false,false,false,false,false,false,false,false,false,false,false,true,false,false,false,false,false,false,false,false,false,false,false,false,false,false,false,false,false,false,false,false,false,false,false,,,,,,,https://til71-dev-ed.file.force.com/profilephoto/005/F,https://til71-dev-ed.file.force.com/profilephoto/005/T,false,,https://til71-dev-ed.file.force.com/profilephoto/005/M,D,false,300,,,/profilephoto/005/B,/profilephoto/005/D,/profilephoto/005/E,false,
0058d000004QHasAAG,trailhead21.pzrdgkvzdhgr@example.com,Bandit,Bob,Bob Bandit,New Company Name,,,,,,,,xx,,,,trailhead21@example.com,true,false,true,,,,,,,,,,bband,trailhead21,,false,Europe/Dublin,00E8d000001ZFPUEA4,en_IE_EURO,false,true,UTF-8,00e8d00000229hgAAA,Standard,en_US,,,,,0058d000004B2qYAAS,0058d000004B2qYAAS,2022-01-09T08:21:00.000Z,0,,,false,false,false,true,false,false,false,false,false,false,false,false,true,true,true,false,false,false,false,false,false,false,false,false,false,false,false,false,false,false,false,false,false,false,false,false,false,false,false,false,false,false,false,false,false,false,false,false,false,false,false,false,false,false,false,false,false,false,false,false,false,false,false,false,false,false,false,false,false,false,false,true,false,false,false,false,false,false,false,false,false,false,false,false,false,false,false,false,false,false,false,false,false,false,false,,,,,,,https://til71-dev-ed.file.force.com/profilephoto/005/F,https://til71-dev-ed.file.force.com/profilephoto/005/T,false,,https://til71-dev-ed.file.force.com/profilephoto/005/M,D,false,300,,,/profilephoto/005/B,/profilephoto/005/D,/profilephoto/005/E,false,
0058d000004QHafAAG,trailhead14.hx7cx5ler6qa@example.com,Campbell,Harold,Harold Campbell,New Company Name,,,,,,,,xx,,,,trailhead14@example.com,true,false,true,,,,,,,,,,hcamp,trailhead14,,false,Europe/Dublin,00E8d000001ZFPVEA4,en_IE_EURO,false,true,UTF-8,00e8d00000229hgAAA,Standard,en_US,,,,,0058d000004B2qYAAS,0058d000004B2qYAAS,2022-01-09T08:21:00.000Z,0,,,false,false,false,true,false,false,false,false,false,false,false,false,true,true,true,false,false,false,false,false,false,false,false,false,false,false,false,false,false,false,false,false,false,false,false,false,false,false,false,false,false,false,false,false,false,false,false,false,false,false,false,false,false,false,false,false,false,false,false,false,false,false,false,false,false,false,false,false,false,false,false,true,false,false,false,false,false,false,false,false,false,false,false,false,false,false,false,false,false,false,false,false,false,false,false,,,,,,,https://til71-dev-ed.file.force.com/profilephoto/005/F,https://til71-dev-ed.file.force.com/profilephoto/005/T,false,,https://til71-dev-ed.file.force.com/profilephoto/005/M,D,false,300,,,/profilephoto/005/B,/profilephoto/005/D,/profilephoto/005/E,false,
0058d000004QHagAAG,trailhead9.ippevmzc4xea@example.com,Riley,Chris,Chris Riley,New Company Name,,,,,,,,xx,,,,trailhead9@example.com,true,false,true,,,,,,,,,,CRile,trailhead9,,false,Europe/Dublin,00E8d000001ZFPVEA4,en_IE_EURO,false,true,UTF-8,00e8d00000229hgAAA,Standard,en_US,,,,,0058d000004B2qYAAS,0058d000004B2qYAAS,2022-01-09T08:21:00.000Z,0,,,false,false,false,true,false,false,false,false,false,false,false,false,true,true,true,false,false,false,false,false,false,false,false,false,false,false,false,false,false,false,false,false,false,false,false,false,false,false,false,false,false,false,false,false,false,false,false,false,false,false,false,false,false,false,false,false,false,false,false,false,false,false,false,false,false,false,false,false,false,false,false,true,false,false,false,false,false,false,false,false,false,false,false,false,false,false,false,false,false,false,false,false,false,false,false,,,,,,,https://til71-dev-ed.file.force.com/profilephoto/005/F,https://til71-dev-ed.file.force.com/profilephoto/005/T,false,,https://til71-dev-ed.file.force.com/profilephoto/005/M,D,false,300,,,/profilephoto/005/B,/profilephoto/005/D,/profilephoto/005/E,false,
0058d000004QHahAAG,trailhead7.hi676idlg1ct@example.com,Frazier,Kelly,Kelly Frazier,New Company Name,,,,,,,,xx,,,,trailhead7@example.com,true,false,true,,,,,,,,,,KFraz,trailhead7,,false,Europe/Dublin,00E8d000001ZFPVEA4,en_IE_EURO,false,true,UTF-8,00e8d00000229hgAAA,Standard,en_US,,,,,0058d000004B2qYAAS,0058d000004B2qYAAS,2022-01-09T08:21:00.000Z,0,,,false,false,false,true,false,false,false,false,false,false,false,false,true,true,true,false,false,false,false,false,false,false,false,false,false,false,false,false,false,false,false,false,false,false,false,false,false,false,false,false,false,false,false,false,false,false,false,false,false,false,false,false,false,false,false,false,false,false,false,false,false,false,false,false,false,false,false,false,false,false,false,true,false,false,false,false,false,false,false,false,false,false,false,false,false,false,false,false,false,false,false,false,false,false,false,,,,,,,https://til71-dev-ed.file.force.com/profilephoto/005/F,https://til71-dev-ed.file.force.com/profilephoto/005/T,false,,https://til71-dev-ed.file.force.com/profilephoto/005/M,D,false,300,,,/profilephoto/005/B,/profilephoto/005/D,/profilephoto/005/E,false,
0058d000004QHaiAAG,trailhead4.7q4lnmn9wrgo@example.com,Howard,Dennis,Dennis Howard,New Company Name,,,,,,,,xx,,,,trailhead4@example.com,true,false,true,,,,,,,,,,DHowa,trailhead4,,false,Europe/Dublin,00E8d000001ZFPVEA4,en_IE_EURO,false,true,UTF-8,00e8d00000229hgAAA,Standard,en_US,,,,,0058d000004B2qYAAS,0058d000004B2qYAAS,2022-01-09T08:21:00.000Z,0,,,false,false,false,true,false,false,false,false,false,false,false,false,true,true,true,false,false,false,false,false,false,false,false,false,false,false,false,false,false,false,false,false,false,false,false,false,false,false,false,false,false,false,false,false,false,false,false,false,false,false,false,false,false,false,false,false,false,false,false,false,false,false,false,false,false,false,false,false,false,false,false,true,false,false,false,false,false,false,false,false,false,false,false,false,false,false,false,false,false,false,false,false,false,false,false,,,,,,,https://til71-dev-ed.file.force.com/profilephoto/005/F,https://til71-dev-ed.file.force.com/profilephoto/005/T,false,,https://til71-dev-ed.file.force.com/profilephoto/005/M,D,false,300,,,/profilephoto/005/B,/profilephoto/005/D,/profilephoto/005/E,false,
0058d000004QHajAAG,trailhead3.7fpvzts6q8d7@example.com,Palmer,Laura,Laura Palmer,New Company Name,,,,,,,,xx,,,,trailhead3@example.com,true,false,true,,,,,,,,,,LPalm,trailhead3,,false,Europe/Dublin,00E8d000001ZFPVEA4,en_IE_EURO,false,true,UTF-8,00e8d00000229hgAAA,Standard,en_US,,,,,0058d000004B2qYAAS,0058d000004B2qYAAS,2022-01-09T08:21:00.000Z,0,,,false,false,false,true,false,false,false,false,false,false,false,false,true,true,true,false,false,false,false,false,false,false,false,false,false,false,false,false,false,false,false,false,false,false,false,false,false,false,false,false,false,false,false,false,false,false,false,false,false,false,false,false,false,false,false,false,false,false,false,false,false,false,false,false,false,false,false,false,false,false,false,true,false,false,false,false,false,false,false,false,false,false,false,false,false,false,false,false,false,false,false,false,false,false,false,,,,,,,https://til71-dev-ed.file.force.com/profilephoto/005/F,https://til71-dev-ed.file.force.com/profilephoto/005/T,false,,https://til71-dev-ed.file.force.com/profilephoto/005/M,D,false,300,,,/profilephoto/005/B,/profilephoto/005/D,/profilephoto/005/E,false,
0058d000004QHalAAG,trailhead18.dd37nbqiaple@example.com,Green,Johnny,Johnny Green,New Company Name,,,,,,,,xx,,,,trailhead18@example.com,true,false,true,,,,,,,,,,jgree,trailhead18,,false,Europe/Dublin,00E8d000001ZFPVEA4,en_IE_EURO,false,true,UTF-8,00e8d00000229hgAAA,Standard,en_US,,,,,0058d000004B2qYAAS,0058d000004B2qYAAS,2022-01-09T08:21:00.000Z,0,,,false,false,false,true,false,false,false,false,false,false,false,false,true,true,true,false,false,false,false,false,false,false,false,false,false,false,false,false,false,false,false,false,false,false,false,false,false,false,false,false,false,false,false,false,false,false,false,false,false,false,false,false,false,false,false,false,false,false,false,false,false,false,false,false,false,false,false,false,false,false,false,true,false,false,false,false,false,false,false,false,false,false,false,false,false,false,false,false,false,false,false,false,false,false,false,,,,,,,https://til71-dev-ed.file.force.com/profilephoto/005/F,https://til71-dev-ed.file.force.com/profilephoto/005/T,false,,https://til71-dev-ed.file.force.com/profilephoto/005/M,D,false,300,,,/profilephoto/005/B,/profilephoto/005/D,/profilephoto/005/E,false,